Movie_Title,Release_Date
서울의 봄,2023-11-22
파묘,2024-02-22
범죄도시4,2024-04-24
아바타: 물의 길,2022-12-14
범죄도시3,2023-05-31
탑건: 매버릭,2022-06-22
한산: 용의 출현,2022-07-27
엘리멘탈,2023-06-14
공조2: 인터내셔날,2022-09-07
스즈메의 문단속,2023-03-08
밀수,2023-07-26
더 퍼스트 슬램덩크,2023-01-04
노량: 죽음의 바다,2023-12-20
헌트,2022-08-10
가디언즈 오브 갤럭시: Volume 3,2023-05-03
미션 임파서블: 데드 레코닝 PART ONE,2023-07-12
콘크리트 유토피아,2023-08-09
웡카,2024-01-31
올빼미,2022-11-23
영웅,2022-12-21
오펜하이머,2023-08-15
쥬라기 월드: 도미니언,2022-06-01
마녀(魔女) Part2. The Other One,2022-06-15
토르: 러브 앤 썬더,2022-07-06
슈퍼 마리오 브라더스,2023-04-26
미니언즈2,2022-07-20
30일,2023-10-03
블랙 팬서: 와칸다 포에버,2022-11-09
비상선언,2022-08-03
그대들은 어떻게 살 것인가,2023-10-25
듄: 파트2,2024-02-28
육사오(6/45),2022-08-24
존 윅 4,2023-04-12
천박사 퇴마 연구소: 설경의 비밀,2023-09-27
헤어질 결심,2022-06-29
분노의 질주: 라이드 오어 다이,2023-05-17
쿵푸팬더4,2024-04-10
교섭,2023-01-18
시민덕희,2024-01-24
앤트맨과 와스프: 퀀텀매니아,2023-02-15
외계+인 1부,2022-07-20
잠,2023-09-06
외계+인 2부,2024-01-10
위시,2024-01-03
달짝지근해: 7510,2023-08-15
브로커,2022-06-08
"오늘 밤, 세계에서 이 사랑이 사라진다 해도",2022-11-30
건국전쟁,2024-02-01
인생은 아름다워,2022-09-28
드림,2023-04-26
비공식작전,2023-08-02
1947 보스톤,2023-09-27
댓글부대,2024-03-27
신차원! 짱구는 못말려 더 무비 초능력 대결전 ~날아라 수제김밥~,2023-12-22
스파이더맨: 어크로스 더 유니버스,2023-06-21
데시벨,2022-11-16
정직한 후보2,2022-09-28
아쿠아맨과 로스트 킹덤,2023-12-20
혹성탈출: 새로운 시대,2024-05-08
인디아나 존스: 운명의 다이얼,2023-06-28
극장판 짱구는 못말려: 수수께끼! 꽃피는 천하떡잎학교,2022-09-28
장화신은 고양이: 끝내주는 모험,2023-01-04
명탐정코난: 흑철의 어영,2023-07-20
블랙 아담,2022-10-19
트랜스포머: 비스트의 서막,2023-06-06
대외비,2023-03-01
자백,2022-10-26
그녀가 죽었다,2024-05-15
극장판 짱구는 못말려: 동물소환 닌자 배꼽수비대,2023-05-04
프레디의 피자가게,2023-11-15
리바운드,2023-04-05
더 마블스,2023-11-08
귀공자,2023-06-21
유령,2023-01-18
인어공주,2023-05-24
플래시,2023-06-14
퓨리오사: 매드맥스 사가,2024-05-22
압꾸정,2022-11-30
바비,2023-07-19
극장판 포켓몬스터DP: 기라티나와 하늘의 꽃다발 쉐이미,2022-06-01
남은 인생 10년,2023-05-24
괴물,2023-11-29
"귀멸의 칼날: 상현집결, 그리고 도공 마을로",2023-03-02
3일의 휴가,2023-12-06
더 문,2023-08-02
고질라 X 콩: 뉴 엠파이어,2024-03-27
극장판 하이큐!! 쓰레기장의 결전,2024-05-15
"귀멸의 칼날: 인연의 기적, 그리고 합동 강화 훈련으로",2024-02-14
명탐정 코난: 할로윈의 신부,2022-07-13
동감,2022-11-16
소년들,2023-11-01
늑대사냥,2022-09-21
뽀로로 극장판 드래곤캐슬 대모험,2022-07-28
신비아파트 극장판 차원도깨비와 7개의 세계,2022-12-14
타겟,2023-08-30
스위치,2023-01-04
놉,2022-08-17
서치 2,2023-02-22
리멤버,2022-10-26
트롤: 밴드 투게더,2023-12-20
인시디어스: 빨간 문,2023-07-19
싱글 인 서울,2023-11-29
카운트,2023-02-22
뽀로로 극장판 슈퍼스타 대모험,2023-12-13
에브리씽 에브리웨어 올 앳 원스,2022-10-12
상견니,2023-01-25
도그데이즈,2024-02-07
더 넌 2,2023-09-27
탄생,2022-11-30
소풍,2024-02-07
인투 더 월드,2024-01-10
버즈 라이트이어,2022-06-15
웅남이,2023-03-22
거미집,2023-09-27
던전 앤 드래곤: 도적들의 명예,2023-03-29
극장판 스파이 패밀리 코드 : 화이트,2024-03-20
용감한 시민,2023-10-25
화란,2023-10-11
크리에이터,2023-10-03
옥수역귀신,2023-04-19
가필드 더 무비,2024-05-15
아임 히어로 더 파이널,2023-03-01
DC 리그 오브 슈퍼-펫,2022-08-10
데드맨,2024-02-07
소울메이트,2023-03-15
극장판 헬로카봇: 수상한 마술단의 비밀,2022-09-28
메간,2023-01-25
아바타 리마스터링,2022-09-21
나폴레옹,2023-12-06
젠틀맨,2022-12-28
극장판 뽀로로와 친구들: 바이러스를 없애줘!,2022-12-01
스턴트맨,2024-05-01
바빌론,2023-02-01
원피스 필름 레드,2022-11-30
베니스 유령 살인사건,2023-09-13
브레드이발소: 셀럽 인 베이커리타운,2024-03-01
멍뭉이,2023-03-01
킬링 로맨스,2023-04-14
톡 투 미,2023-11-01
헝거게임: 노래하는 새와 뱀의 발라드,2023-11-15
오멘: 저주의 시작,2024-04-03
오펀: 천사의 탄생,2022-10-12
극장판 엄마 까투리: 도시로 간 까투리 가족,2022-09-08
퍼피 구조대: 더 마이티 무비,2023-10-06
플라워 킬링 문,2023-10-19
가문의 영광: 리턴즈,2023-09-21
마루이 비디오,2023-02-22
"포켓몬스터: 성도지방 이야기, 최종장",2024-05-01
가여운 것들,2024-03-06
불릿 트레인,2022-08-24
눈의 여왕5: 스노우 프린세스와 미러랜드의 비밀,2022-12-22
극장판 엉덩이 탐정: 미스터리 가면 ~최강의 대결,2023-09-28
아가일,2024-02-07
극장판 슈퍼윙스: 맥시멈 스피드,2023-07-20
보호자,2023-08-15
길위에 김대중,2024-01-10
패스트 라이브즈,2024-03-06
두다다쿵: 후후섬의 비밀,2023-02-15
메가로돈 2,2023-08-15
블루 자이언트,2023-10-18
그란 투리스모,2023-09-20
몬스터 패밀리 2,2023-08-02
다음 소희,2023-02-08
말하고 싶은 비밀,2023-12-13
문재인입니다,2023-05-10
스트레인지 월드,2022-11-23
에브리씽 에브리웨어 올 앳 원스+,2023-03-01
캐리와 슈퍼콜라,2023-01-18
에어,2023-04-05
어메이징 모리스,2023-02-15
블랙폰,2022-09-07
스마일,2022-10-06
아기상어 극장판: 사이렌 스톤의 비밀,2024-02-07
추락의 해부,2024-01-31
뉴 노멀,2023-11-08
비키퍼,2024-04-03
엘비스,2022-07-13
이프: 상상의 친구,2024-05-15
닥터 스트레인지: 대혼돈의 멀티버스,2022-05-04
범죄도시2,2022-05-18
해적: 도깨비 깃발,2022-01-26
신비한 동물들과 덤블도어의 비밀,2022-04-13
더 배트맨,2022-03-01
씽2게더,2022-01-05
킹메이커,2022-01-26
언차티드,2022-02-16
경관의 피,2022-01-05
극장판 주술회전 0,2022-02-17
이상한 나라의 수학자,2022-03-09
모비우스,2022-03-30
특송,2022-01-12
니 부모 얼굴이 보고 싶다,2022-04-27
뜨거운 피,2022-03-23
배드 가이즈,2022-05-04
수퍼 소닉2,2022-04-06
나일 강의 죽음,2022-02-09
문폴,2022-03-16
앵커,2022-04-20
공기살인,2022-04-22
극장판 엉덩이 탐정: 수플레 섬의 비밀,2022-05-05
하우스 오브 구찌,2022-01-12
웨스트 사이드 스토리,2022-01-12
극장판 안녕 자두야: 제주도의 비밀,2022-01-27
앰뷸런스,2022-04-06
서울괴담,2022-04-27
로스트 시티,2022-04-20
